YEAR,BENE_GEO_LVL,BENE_GEO_DESC,BENE_GEO_CD,BENE_AGE_LVL,TOT_MDCR_PYMT_PC,TOT_MDCR_STDZD_PYMT_PC
2015,National,National,,All,9988.67,9485.73
2015,National,National,,<65,10990.25,10424.2
2015,National,National,,>65,9782.58,9292.63
2015,State,AK,2,All,8818.08,6790.94
2015,State,AK,2,<65,11017.84,8570.98
2015,State,AK,2,>65,8412.12,6462.44
2015,State,AL,1,All,8942.93,9808.1
2015,State,AL,1,<65,8941.16,9776.02
2015,State,AL,1,>65,8943.43,9817.04
2015,State,AR,5,All,8537.12,9132.54
2015,State,AR,5,<65,8188.68,8674.73
2015,State,AR,5,>65,8628.41,9252.48
2015,State,AZ,4,All,9078.82,8621.96
2015,State,AZ,4,<65,11050.02,10416.24
2015,State,AZ,4,>65,8853.75,8417.08
2015,State,CA,6,All,11155.99,8998.54
2015,State,CA,6,<65,13176.17,10529.14
2015,State,CA,6,>65,10777.39,8711.7
2015,State,CO,8,All,8475.3,8101.01
2015,State,CO,8,<65,9837.38,9337.61
2015,State,CO,8,>65,8224.97,7873.74
2015,State,CT,9,All,11531.02,9711.18
2015,State,CT,9,<65,12580.74,10665.11
2015,State,CT,9,>65,11352.36,9548.82
2015,State,DC,11,All,11717.4,9929.27
2015,State,DC,11,<65,15715.8,13133.58
2015,State,DC,11,>65,10645,9069.85
2015,State,DE,10,All,10195.72,9436.27
2015,State,DE,10,<65,12117.96,11263.83
2015,State,DE,10,>65,9874.53,9130.9
2015,State,FL,12,All,11065.88,11111.8
2015,State,FL,12,<65,12604.13,12512.17
2015,State,FL,12,>65,10835.12,10901.72
2015,State,GA,13,All,9375.43,9634.33
2015,State,GA,13,<65,11159.69,11446.4
2015,State,GA,13,>65,8955.33,9207.69
2015,State,HI,15,All,7613.8,6298.1
2015,State,HI,15,<65,12007.47,10003.07
2015,State,HI,15,>65,7075.65,5844.31
2015,State,IA,19,All,8353.07,8210.81
2015,State,IA,19,<65,9284.92,9118.63
2015,State,IA,19,>65,8205.55,8067.1
2015,State,ID,16,All,8013.49,7964.72
2015,State,ID,16,<65,8683.41,8752.63
2015,State,ID,16,>65,7879.14,7806.71
2015,State,IL,17,All,10213.51,9771.62
2015,State,IL,17,<65,11760.87,11146.17
2015,State,IL,17,>65,9958.38,9544.98
2015,State,IN,18,All,9693.76,9706.01
2015,State,IN,18,<65,10595.05,10555.09
2015,State,IN,18,>65,9489,9513.11
2015,State,KS,20,All,9103.13,9384.57
2015,State,KS,20,<65,9917.89,10273.77
2015,State,KS,20,>65,8956.61,9224.66
2015,State,KY,21,All,9127.09,9462.09
2015,State,KY,21,<65,8881.04,9139.84
2015,State,KY,21,>65,9211.84,9573.09
2015,State,LA,22,All,10677.75,11283.78
2015,State,LA,22,<65,11548.38,11973.5
2015,State,LA,22,>65,10423.07,11082.02
2015,State,MA,25,All,11214.67,9353.71
2015,State,MA,25,<65,11271.16,9359.32
2015,State,MA,25,>65,11201.24,9352.37
2015,State,MD,24,All,11612.34,9562.27
2015,State,MD,24,<65,15083.92,12054.59
2015,State,MD,24,>65,11031.71,9145.42
2015,State,ME,23,All,8613.44,8230.42
2015,State,ME,23,<65,8405.7,8080.06
2015,State,ME,23,>65,8674.66,8274.73
2015,State,MI,26,All,10453.73,10043.89
2015,State,MI,26,<65,10672.4,10267.89
2015,State,MI,26,>65,10396.69,9985.46
2015,State,MN,27,All,9151.94,8346.08
2015,State,MN,27,<65,9930.22,9059.17
2015,State,MN,27,>65,8874.35,8091.74
2015,State,MO,29,All,9305.16,9479.32
2015,State,MO,29,<65,10401.31,10479.39
2015,State,MO,29,>65,9030.35,9228.6
2015,State,MS,28,All,9901.69,10660.06
2015,State,MS,28,<65,10353.47,10974.36
2015,State,MS,28,>65,9764.93,10564.92
2015,State,MT,30,All,7624.56,7279.31
2015,State,MT,30,<65,8114.22,7771.67
2015,State,MT,30,>65,7543.98,7198.28
2015,State,NC,37,All,9068.69,9074.81
2015,State,NC,37,<65,10372.9,10297.56
2015,State,NC,37,>65,8747.79,8773.96
2015,State,ND,38,All,8350.3,8193.56
2015,State,ND,38,<65,9273.02,9245.66
2015,State,ND,38,>65,8213.16,8037.19
2015,State,NE,31,All,9161.49,8964.06
2015,State,NE,31,<65,10027.9,9880.97
2015,State,NE,31,>65,9034.43,8829.6
2015,State,NH,33,All,8887.56,8030.26
2015,State,NH,33,<65,8915.21,8044.69
2015,State,NH,33,>65,8881.89,8027.3
2015,State,NJ,34,All,11707.1,10121.95
2015,State,NJ,34,<65,12927.82,11147.74
2015,State,NJ,34,>65,11517.84,9962.91
2015,State,NM,35,All,7902.88,7536.46
2015,State,NM,35,<65,8511.96,8066.64
2015,State,NM,35,>65,7763.62,7415.23
2015,State,NV,32,All,10213.43,9292.04
2015,State,NV,32,<65,12815.26,11685.14
2015,State,NV,32,>65,9748.8,8864.68
2015,State,NY,36,All,11489.62,9537.22
2015,State,NY,36,<65,11499.48,9688.03
2015,State,NY,36,>65,11487.51,9504.86
2015,State,OH,39,All,9732.07,9727.97
2015,State,OH,39,<65,10276.44,10189.91
2015,State,OH,39,>65,9602.68,9618.17
2015,State,OK,40,All,9647.33,10130.55
2015,State,OK,40,<65,10482.71,10901.55
2015,State,OK,40,>65,9456.82,9954.71
2015,State,OR,41,All,8085.45,7242.13
2015,State,OR,41,<65,8886.64,7974.38
2015,State,OR,41,>65,7918.69,7089.73
2015,State,PA,42,All,10265.05,9793.05
2015,State,PA,42,<65,10818.99,10128.38
2015,State,PA,42,>65,10146.52,9721.3
2015,State,PR,72,All,5579.12,6830.06
2015,State,PR,72,<65,8988.69,11146.87
2015,State,PR,72,>65,4844.47,5899.93
2015,State,RI,44,All,10359.52,9099.93
2015,State,RI,44,<65,10357.27,8971.39
2015,State,RI,44,>65,10360.18,9137.7
2015,State,SC,45,All,8851.75,9096.38
2015,State,SC,45,<65,10082.15,10321.48
2015,State,SC,45,>65,8608.46,8854.13
2015,State,SD,46,All,8393.51,8087.5
2015,State,SD,46,<65,9913.63,9570.36
2015,State,SD,46,>65,8163.27,7862.9
2015,State,TN,47,All,9098.1,9749.06
2015,State,TN,47,<65,9961.37,10615.99
2015,State,TN,47,>65,8902.52,9552.65
2015,State,TX,48,All,10985.27,11108.95
2015,State,TX,48,<65,13449.67,13494.82
2015,State,TX,48,>65,10531.88,10670
2015,State,UT,49,All,8598,8575.75
2015,State,UT,49,<65,9257.51,9374.31
2015,State,UT,49,>65,8493,8448.6
2015,State,VA,51,All,8759.44,8678.68
2015,State,VA,51,<65,10406.89,10377.13
2015,State,VA,51,>65,8504.72,8416.08
2015,State,VI,78,All,5017.97,4870.73
2015,State,VI,78,<65,7019.19,6399.59
2015,State,VI,78,>65,4817.59,4717.66
2015,State,VT,50,All,8435.84,7411.42
2015,State,VT,50,<65,8548.75,7533.78
2015,State,VT,50,>65,8411.86,7385.43
2015,State,WA,53,All,8471.18,7641.78
2015,State,WA,53,<65,8830.63,8009.22
2015,State,WA,53,>65,8403.63,7572.73
2015,State,WI,55,All,8603.33,8260.07
2015,State,WI,55,<65,9214.17,8911.09
2015,State,WI,55,>65,8467.45,8115.26
2015,State,WV,54,All,8748.78,8943.9
2015,State,WV,54,<65,8328.81,8482.2
2015,State,WV,54,>65,8886.27,9095.06
2015,State,WY,56,All,8420.43,7584.34
2015,State,WY,56,<65,9514.35,8711.17
2015,State,WY,56,>65,8255.58,7414.54
2016,National,National,,All,10101.86,9564.56
2016,National,National,,<65,11278.06,10692.75
2016,National,National,,>65,9869.46,9341.64
2016,State,AK,2,All,9255.28,6886.04
2016,State,AK,2,<65,12173.37,9133.87
2016,State,AK,2,>65,8743.6,6491.89
2016,State,AL,1,All,9047.82,9923.48
2016,State,AL,1,<65,9119.61,10024.22
2016,State,AL,1,>65,9028.45,9896.29
2016,State,AR,5,All,8693.43,9335.65
2016,State,AR,5,<65,8469.41,9061.06
2016,State,AR,5,>65,8750.53,9405.64
2016,State,AZ,4,All,9222.18,8721.9
2016,State,AZ,4,<65,11399.3,10730.57
2016,State,AZ,4,>65,8988.46,8506.27
2016,State,CA,6,All,11517.22,9197.41
2016,State,CA,6,<65,13725.29,10849.84
2016,State,CA,6,>65,11113.39,8895.21
2016,State,CO,8,All,8593.44,8198.4
2016,State,CO,8,<65,10151.08,9627.51
2016,State,CO,8,>65,8320.52,7948
2016,State,CT,9,All,11641.71,9755.03
2016,State,CT,9,<65,13014.77,10993.2
2016,State,CT,9,>65,11413.74,9549.45
2016,State,DC,11,All,11878.2,10099.53
2016,State,DC,11,<65,16012.72,13382.88
2016,State,DC,11,>65,10819.6,9258.87
2016,State,DE,10,All,10306.13,9470.18
2016,State,DE,10,<65,12605.03,11636.69
2016,State,DE,10,>65,9933.15,9118.68
2016,State,FL,12,All,11046.98,11075.48
2016,State,FL,12,<65,12726.58,12679.44
2016,State,FL,12,>65,10807.94,10847.21
2016,State,GA,13,All,9430.26,9675.02
2016,State,GA,13,<65,11283.6,11582.84
2016,State,GA,13,>65,9011.73,9244.2
2016,State,HI,15,All,7765.65,6466.33
2016,State,HI,15,<65,13080.41,10957.81
2016,State,HI,15,>65,7147.89,5944.27
2016,State,IA,19,All,8333.14,8220.34
2016,State,IA,19,<65,9429.07,9318.22
2016,State,IA,19,>65,8159.12,8046.01
2016,State,ID,16,All,8082.01,8041.32
2016,State,ID,16,<65,8770.9,8860.87
2016,State,ID,16,>65,7949.9,7884.15
2016,State,IL,17,All,10408.12,9928.76
2016,State,IL,17,<65,12206.46,11606.11
2016,State,IL,17,>65,10111.4,9652
2016,State,IN,18,All,9698.93,9723.18
2016,State,IN,18,<65,10630.76,10660.77
2016,State,IN,18,>65,9492.3,9515.27
2016,State,KS,20,All,9157.54,9473.69
2016,State,KS,20,<65,10104.6,10538.9
2016,State,KS,20,>65,8993.13,9288.76
2016,State,KY,21,All,9199.04,9505.25
2016,State,KY,21,<65,8867.41,9095.05
2016,State,KY,21,>65,9307.96,9639.98
2016,State,LA,22,All,10771.9,11429.69
2016,State,LA,22,<65,11822,12362.14
2016,State,LA,22,>65,10480.64,11171.07
2016,State,MA,25,All,11305.97,9433.04
2016,State,MA,25,<65,11642.11,9678.45
2016,State,MA,25,>65,11225.68,9374.42
2016,State,MD,24,All,11570.35,9588.78
2016,State,MD,24,<65,15067.94,12176.65
2016,State,MD,24,>65,10999.79,9166.62
2016,State,ME,23,All,8760.22,8412.28
2016,State,ME,23,<65,8664.32,8428.96
2016,State,ME,23,>65,8788.01,8407.45
2016,State,MI,26,All,10474.35,10029.53
2016,State,MI,26,<65,10873.84,10466.12
2016,State,MI,26,>65,10372.51,9918.23
2016,State,MN,27,All,9283.6,8480.75
2016,State,MN,27,<65,10268.61,9380.67
2016,State,MN,27,>65,8928.61,8156.43
2016,State,MO,29,All,9351.57,9558.1
2016,State,MO,29,<65,10636.25,10797.2
2016,State,MO,29,>65,9041.1,9258.65
2016,State,MS,28,All,9940.55,10743.28
2016,State,MS,28,<65,10631.57,11349.2
2016,State,MS,28,>65,9740.24,10567.64
2016,State,MT,30,All,7799.74,7425.85
2016,State,MT,30,<65,8385.08,8032.46
2016,State,MT,30,>65,7706.7,7329.44
2016,State,NC,37,All,9128.67,9097.23
2016,State,NC,37,<65,10457.11,10372.85
2016,State,NC,37,>65,8816.47,8797.45
2016,State,ND,38,All,8558.93,8349.64
2016,State,ND,38,<65,9499.88,9415.6
2016,State,ND,38,>65,8419.9,8192.14
2016,State,NE,31,All,9157.54,9057.3
2016,State,NE,31,<65,10180.72,10223.81
2016,State,NE,31,>65,9013.58,8893.17
2016,State,NH,33,All,9013.25,8194.68
2016,State,NH,33,<65,9285.16,8466.65
2016,State,NH,33,>65,8958.85,8140.28
2016,State,NJ,34,All,11907.03,10226.36
2016,State,NJ,34,<65,13439.21,11499.25
2016,State,NJ,34,>65,11677.64,10035.79
2016,State,NM,35,All,8055.61,7741.8
2016,State,NM,35,<65,9032.13,8668.96
2016,State,NM,35,>65,7845.17,7541.99
2016,State,NV,32,All,10370.35,9394.66
2016,State,NV,32,<65,13066.95,11853.98
2016,State,NV,32,>65,9907.34,8972.39
2016,State,NY,36,All,11794.15,9702
2016,State,NY,36,<65,12030.03,10072.11
2016,State,NY,36,>65,11745.93,9626.33
2016,State,OH,39,All,9810.02,9769.13
2016,State,OH,39,<65,10623.77,10548.62
2016,State,OH,39,>65,9640.82,9607.05
2016,State,OK,40,All,9792.7,10310.1
2016,State,OK,40,<65,10490.76,10978.65
2016,State,OK,40,>65,9638.56,10162.48
2016,State,OR,41,All,8231.8,7308.1
2016,State,OR,41,<65,9207.19,8193.3
2016,State,OR,41,>65,8036.1,7130.49
2016,State,PA,42,All,10250.09,9743.99
2016,State,PA,42,<65,11046.32,10331.32
2016,State,PA,42,>65,10087.4,9623.99
2016,State,PR,72,All,5640.4,6867.83
2016,State,PR,72,<65,9153.32,11453.27
2016,State,PR,72,>65,4919.42,5926.73
2016,State,RI,44,All,10195.02,8928.75
2016,State,RI,44,<65,10083.8,8711.87
2016,State,RI,44,>65,10223.06,8983.44
2016,State,SC,45,All,8802.02,9044.5
2016,State,SC,45,<65,10162.07,10467.07
2016,State,SC,45,>65,8543.49,8774.07
2016,State,SD,46,All,8512.56,8180.81
2016,State,SD,46,<65,10543.86,10090.92
2016,State,SD,46,>65,8206.91,7893.39
2016,State,TN,47,All,9146.29,9773.07
2016,State,TN,47,<65,10109.86,10806.27
2016,State,TN,47,>65,8942.27,9554.31
2016,State,TX,48,All,11111.51,11246.82
2016,State,TX,48,<65,13853.64,13945.36
2016,State,TX,48,>65,10629.86,10772.83
2016,State,UT,49,All,8683.97,8610.53
2016,State,UT,49,<65,9662.58,9767.09
2016,State,UT,49,>65,8535.93,8435.58
2016,State,VA,51,All,8902.93,8786.73
2016,State,VA,51,<65,10708.89,10660.06
2016,State,VA,51,>65,8637.11,8511
2016,State,VI,78,All,5238.38,4749.45
2016,State,VI,78,<65,6642.29,6095.6
2016,State,VI,78,>65,5105.15,4621.7
2016,State,VT,50,All,8559.94,7563.9
2016,State,VT,50,<65,8788.65,7834.12
2016,State,VT,50,>65,8512.81,7508.22
2016,State,WA,53,All,8624.7,7704.9
2016,State,WA,53,<65,9006.86,8107.99
2016,State,WA,53,>65,8555.79,7632.21
2016,State,WI,55,All,8581.21,8271.61
2016,State,WI,55,<65,9508.79,9274.78
2016,State,WI,55,>65,8381.51,8055.64
2016,State,WV,54,All,8914.53,9107.44
2016,State,WV,54,<65,8723.58,8917.93
2016,State,WV,54,>65,8974.62,9167.09
2016,State,WY,56,All,8576.57,7718.6
2016,State,WY,56,<65,10100.82,9231.93
2016,State,WY,56,>65,8355.23,7498.84
2017,National,National,,All,10329.82,9754.22
2017,National,National,,<65,11572.07,10947.79
2017,National,National,,>65,10095.21,9528.81
2017,State,AK,2,All,9575.77,7100.65
2017,State,AK,2,<65,12860.54,9625.74
2017,State,AK,2,>65,9030.76,6681.7
2017,State,AL,1,All,9447.71,10381.61
2017,State,AL,1,<65,9257.11,10165.82
2017,State,AL,1,>65,9503.52,10444.8
2017,State,AR,5,All,8986.21,9693.37
2017,State,AR,5,<65,8714.26,9328.35
2017,State,AR,5,>65,9052.31,9782.1
2017,State,AZ,4,All,9533.12,8919.69
2017,State,AZ,4,<65,11616.16,10817.02
2017,State,AZ,4,>65,9323.95,8729.17
2017,State,CA,6,All,11856.87,9449.91
2017,State,CA,6,<65,14298.18,11299.89
2017,State,CA,6,>65,11431.23,9127.38
2017,State,CO,8,All,8896.34,8412.92
2017,State,CO,8,<65,10600.6,10010.35
2017,State,CO,8,>65,8616.23,8150.37
2017,State,CT,9,All,11895.88,9972.95
2017,State,CT,9,<65,13344.59,11307.91
2017,State,CT,9,>65,11662.45,9757.85
2017,State,DC,11,All,12120.27,10329.1
2017,State,DC,11,<65,16756.21,14018.13
2017,State,DC,11,>65,11014.26,9449
2017,State,DE,10,All,10398.09,9494.69
2017,State,DE,10,<65,12507.41,11504.95
2017,State,DE,10,>65,10080.47,9192
2017,State,FL,12,All,11162.76,11185.08
2017,State,FL,12,<65,12984.52,12911.38
2017,State,FL,12,>65,10918.07,10953.21
2017,State,GA,13,All,9689.64,9910
2017,State,GA,13,<65,11642.06,11946.71
2017,State,GA,13,>65,9267.24,9469.36
2017,State,HI,15,All,8002.87,6684.84
2017,State,HI,15,<65,13204.19,11205.95
2017,State,HI,15,>65,7430.55,6187.37
2017,State,IA,19,All,8618.98,8500.86
2017,State,IA,19,<65,9707.98,9637.37
2017,State,IA,19,>65,8452.72,8327.34
2017,State,ID,16,All,8202.27,8151.37
2017,State,ID,16,<65,8867.07,8923.35
2017,State,ID,16,>65,8080.33,8009.78
2017,State,IL,17,All,10647.42,10123.64
2017,State,IL,17,<65,12459.24,11821.83
2017,State,IL,17,>65,10355.93,9850.44
2017,State,IN,18,All,9863.8,9834.66
2017,State,IN,18,<65,10902.79,10824.63
2017,State,IN,18,>65,9643.09,9624.37
2017,State,KS,20,All,9474.95,9775.9
2017,State,KS,20,<65,10424.31,10826.29
2017,State,KS,20,>65,9319.31,9603.7
2017,State,KY,21,All,9538.14,9800.09
2017,State,KY,21,<65,9324.44,9526.53
2017,State,KY,21,>65,9604.69,9885.28
2017,State,LA,22,All,10908.45,11516.72
2017,State,LA,22,<65,12052.43,12571.43
2017,State,LA,22,>65,10606.5,11238.33
2017,State,MA,25,All,11460.6,9602.59
2017,State,MA,25,<65,11735.25,9825.74
2017,State,MA,25,>65,11398.28,9551.96
2017,State,MD,24,All,11957.23,9851.57
2017,State,MD,24,<65,15554.26,12558.41
2017,State,MD,24,>65,11383.41,9419.77
2017,State,ME,23,All,9005.6,8605.5
2017,State,ME,23,<65,8934.56,8670.81
2017,State,ME,23,>65,9025.78,8586.94
2017,State,MI,26,All,10564.28,10100.44
2017,State,MI,26,<65,10946.56,10531.24
2017,State,MI,26,>65,10469.9,9994.09
2017,State,MN,27,All,9581.05,8714.54
2017,State,MN,27,<65,10580.78,9624.2
2017,State,MN,27,>65,9225.99,8391.46
2017,State,MO,29,All,9607.3,9823.93
2017,State,MO,29,<65,10960.06,11143.09
2017,State,MO,29,>65,9293.76,9518.18
2017,State,MS,28,All,10171.69,10982.96
2017,State,MS,28,<65,10912.62,11652.38
2017,State,MS,28,>65,9966.49,10797.56
2017,State,MT,30,All,8066.31,7651.44
2017,State,MT,30,<65,8697.67,8314.83
2017,State,MT,30,>65,7970.38,7550.64
2017,State,NC,37,All,9326.47,9289.34
2017,State,NC,37,<65,10711.26,10614.26
2017,State,NC,37,>65,9015.27,8991.6
2017,State,ND,38,All,8957.58,8668.38
2017,State,ND,38,<65,10007.28,9944.72
2017,State,ND,38,>65,8810.6,8489.66
2017,State,NE,31,All,9445.72,9257.41
2017,State,NE,31,<65,10487.52,10416.21
2017,State,NE,31,>65,9306.76,9102.84
2017,State,NH,33,All,9295.37,8379.57
2017,State,NH,33,<65,9450.29,8516.95
2017,State,NH,33,>65,9265.34,8352.95
2017,State,NJ,34,All,12160.18,10411.7
2017,State,NJ,34,<65,13677.28,11713.38
2017,State,NJ,34,>65,11942.31,10224.77
2017,State,NM,35,All,8235.37,7922.76
2017,State,NM,35,<65,9411.76,9025.68
2017,State,NM,35,>65,7998.25,7700.45
2017,State,NV,32,All,10650.42,9642.36
2017,State,NV,32,<65,13701.67,12372.28
2017,State,NV,32,>65,10145.43,9190.55
2017,State,NY,36,All,12144.36,10019.95
2017,State,NY,36,<65,12440.35,10429.1
2017,State,NY,36,>65,12085.95,9939.21
2017,State,OH,39,All,10037.71,10012.17
2017,State,OH,39,<65,10891.15,10841.98
2017,State,OH,39,>65,9870.79,9849.87
2017,State,OK,40,All,10224.89,10654.97
2017,State,OK,40,<65,11028.82,11415.97
2017,State,OK,40,>65,10053.01,10492.28
2017,State,OR,41,All,8438.73,7497.15
2017,State,OR,41,<65,9458.37,8467.31
2017,State,OR,41,>65,8241.41,7309.41
2017,State,PA,42,All,10436.67,9879.84
2017,State,PA,42,<65,11351.02,10558.21
2017,State,PA,42,>65,10257.8,9747.12
2017,State,PR,72,All,5543.91,6518.4
2017,State,PR,72,<65,9510.15,11682.79
2017,State,PR,72,>65,4791.71,5538.97
2017,State,RI,44,All,10301.47,9095.09
2017,State,RI,44,<65,10049.2,8870.27
2017,State,RI,44,>65,10348.76,9137.25
2017,State,SC,45,All,9064.2,9281.46
2017,State,SC,45,<65,10619.39,10922
2017,State,SC,45,>65,8786.63,8988.65
2017,State,SD,46,All,8733.58,8395.74
2017,State,SD,46,<65,10878.24,10398.06
2017,State,SD,46,>65,8424.53,8107.2
2017,State,TN,47,All,9386.52,9982.38
2017,State,TN,47,<65,10537.92,11198.9
2017,State,TN,47,>65,9160.44,9743.52
2017,State,TX,48,All,11183.77,11279.89
2017,State,TX,48,<65,13912.29,13963.7
2017,State,TX,48,>65,10732.32,10835.83
2017,State,UT,49,All,8919.12,8800.56
2017,State,UT,49,<65,9729.11,9805.05
2017,State,UT,49,>65,8802.55,8656
2017,State,VA,51,All,9118.2,8994.68
2017,State,VA,51,<65,10828.87,10761.81
2017,State,VA,51,>65,8872.6,8740.97
2017,State,VI,78,All,5199.59,4702.79
2017,State,VI,78,<65,6648.05,6144.36
2017,State,VI,78,>65,5072.16,4575.96
2017,State,VT,50,All,8724.11,7664.05
2017,State,VT,50,<65,9062.27,7993.61
2017,State,VT,50,>65,8656.24,7597.9
2017,State,WA,53,All,8778.78,7883.2
2017,State,WA,53,<65,9316.62,8463.92
2017,State,WA,53,>65,8686.76,7783.85
2017,State,WI,55,All,8758.9,8406.48
2017,State,WI,55,<65,9652.85,9378.43
2017,State,WI,55,>65,8575.38,8206.95
2017,State,WV,54,All,9218.21,9406.56
2017,State,WV,54,<65,8921.62,9145.19
2017,State,WV,54,>65,9308.23,9485.9
2017,State,WY,56,All,8726.81,7829.16
2017,State,WY,56,<65,10200.33,9436.32
2017,State,WY,56,>65,8520.44,7604.07
2018,National,National,,All,10700.85,10113.47
2018,National,National,,<65,12171.35,11520.25
2018,National,National,,>65,10438.15,9862.16
2018,State,AK,2,All,10006.15,7509.78
2018,State,AK,2,<65,13582.74,10295.77
2018,State,AK,2,>65,9448.92,7075.72
2018,State,AL,1,All,9831.2,10775.77
2018,State,AL,1,<65,9778.57,10678.38
2018,State,AL,1,>65,9845.56,10802.35
2018,State,AR,5,All,9393.4,10076.58
2018,State,AR,5,<65,9334.5,9979.8
2018,State,AR,5,>65,9406.75,10098.51
2018,State,AZ,4,All,9641.13,9161.61
2018,State,AZ,4,<65,11961.64,11258.13
2018,State,AZ,4,>65,9425.38,8966.69
2018,State,CA,6,All,12288.49,9860.82
2018,State,CA,6,<65,14952,11893.71
2018,State,CA,6,>65,11846,9523.09
2018,State,CO,8,All,9226.48,8776.61
2018,State,CO,8,<65,11049.82,10526.88
2018,State,CO,8,>65,8951.74,8512.88
2018,State,CT,9,All,12649.79,10723.06
2018,State,CT,9,<65,13825.8,11871.92
2018,State,CT,9,>65,12438.83,10516.97
2018,State,DC,11,All,12230.33,10393.67
2018,State,DC,11,<65,16503.08,13775.95
2018,State,DC,11,>65,11259.94,9625.53
2018,State,DE,10,All,10796.46,9846.07
2018,State,DE,10,<65,13506.44,12291.53
2018,State,DE,10,>65,10411.71,9498.87
2018,State,FL,12,All,11586.42,11597.69
2018,State,FL,12,<65,13699.19,13613.32
2018,State,FL,12,>65,11322.04,11345.46
2018,State,GA,13,All,10193.39,10360.32
2018,State,GA,13,<65,12599.66,12798.3
2018,State,GA,13,>65,9706.49,9866.99
2018,State,HI,15,All,8244.41,6930.44
2018,State,HI,15,<65,13689.62,11699.19
2018,State,HI,15,>65,7680.41,6436.51
2018,State,IA,19,All,8909.1,8827.38
2018,State,IA,19,<65,10164.03,10241.72
2018,State,IA,19,>65,8734.25,8630.31
2018,State,ID,16,All,8486.38,8489.54
2018,State,ID,16,<65,9171.73,9320.69
2018,State,ID,16,>65,8370.19,8348.63
2018,State,IL,17,All,11081.37,10550.34
2018,State,IL,17,<65,13166.99,12538.7
2018,State,IL,17,>65,10761.66,10245.55
2018,State,IN,18,All,10220.84,10208.64
2018,State,IN,18,<65,11524.97,11468.44
2018,State,IN,18,>65,9955.52,9952.33
2018,State,KS,20,All,9887.76,10180.32
2018,State,KS,20,<65,10847.03,11245.12
2018,State,KS,20,>65,9741.03,10017.46
2018,State,KY,21,All,9814.57,10167.36
2018,State,KY,21,<65,9479.25,9776.27
2018,State,KY,21,>65,9914.16,10283.51
2018,State,LA,22,All,11370.96,11974.05
2018,State,LA,22,<65,12858.01,13284.58
2018,State,LA,22,>65,10999.23,11646.45
2018,State,MA,25,All,11946.89,10018.96
2018,State,MA,25,<65,12334.14,10331.78
2018,State,MA,25,>65,11864.02,9952.01
2018,State,MD,24,All,12259.83,10116.8
2018,State,MD,24,<65,16112.78,12894.94
2018,State,MD,24,>65,11668.87,9690.69
2018,State,ME,23,All,9208.97,8855.72
2018,State,ME,23,<65,9233.59,8989.23
2018,State,ME,23,>65,9202.27,8819.4
2018,State,MI,26,All,10713.48,10330.39
2018,State,MI,26,<65,11396.88,11066.64
2018,State,MI,26,>65,10546.25,10150.23
2018,State,MN,27,All,9993.53,9123.14
2018,State,MN,27,<65,11392.06,10381.1
2018,State,MN,27,>65,9517.8,8695.23
2018,State,MO,29,All,10011.24,10233.77
2018,State,MO,29,<65,11591.83,11783.36
2018,State,MO,29,>65,9668.87,9898.12
2018,State,MS,28,All,10667.6,11468.95
2018,State,MS,28,<65,11625.8,12370.04
2018,State,MS,28,>65,10416.02,11232.37
2018,State,MT,30,All,8441.19,8030.23
2018,State,MT,30,<65,9617.41,9192.39
2018,State,MT,30,>65,8275.05,7866.07
2018,State,NC,37,All,9652.4,9589.55
2018,State,NC,37,<65,11245.92,11147.4
2018,State,NC,37,>65,9323.9,9268.4
2018,State,ND,38,All,9060.87,8845.04
2018,State,ND,38,<65,9995.1,9917.25
2018,State,ND,38,>65,8933.94,8699.36
2018,State,NE,31,All,9830.16,9636.89
2018,State,NE,31,<65,11025.13,10997.54
2018,State,NE,31,>65,9687.02,9473.9
2018,State,NH,33,All,9751.86,8698.49
2018,State,NH,33,<65,9862.09,8800.58
2018,State,NH,33,>65,9731.55,8679.68
2018,State,NJ,34,All,12571.04,10796.44
2018,State,NJ,34,<65,14246.94,12276.97
2018,State,NJ,34,>65,12344.2,10596.05
2018,State,NM,35,All,8421.06,8127.25
2018,State,NM,35,<65,9717.03,9358.76
2018,State,NM,35,>65,8175.48,7893.89
2018,State,NV,32,All,11070.81,9990.97
2018,State,NV,32,<65,14708.63,13232.34
2018,State,NV,32,>65,10506.86,9488.48
2018,State,NY,36,All,12607.45,10450.7
2018,State,NY,36,<65,13088.33,11042.93
2018,State,NY,36,>65,12517.26,10339.62
2018,State,OH,39,All,10323.79,10319
2018,State,OH,39,<65,11141.56,11138.25
2018,State,OH,39,>65,10173.59,10168.53
2018,State,OK,40,All,10730.96,11152.52
2018,State,OK,40,<65,11596.92,12004.95
2018,State,OK,40,>65,10554.7,10979
2018,State,OR,41,All,8733.7,7827.66
2018,State,OR,41,<65,10065.3,9087.73
2018,State,OR,41,>65,8487.81,7594.98
2018,State,PA,42,All,10717.48,10164.53
2018,State,PA,42,<65,12037.86,11237.55
2018,State,PA,42,>65,10474.61,9967.16
2018,State,PR,72,All,6438.19,7348.06
2018,State,PR,72,<65,11297.3,13529.95
2018,State,PR,72,>65,5552.97,6221.85
2018,State,RI,44,All,10390.06,9279.68
2018,State,RI,44,<65,10099.72,8996.73
2018,State,RI,44,>65,10440.79,9329.11
2018,State,SC,45,All,9404.61,9637.19
2018,State,SC,45,<65,11218.98,11564.4
2018,State,SC,45,>65,9105.87,9319.87
2018,State,SD,46,All,9058.05,8782
2018,State,SD,46,<65,11234.71,10895.01
2018,State,SD,46,>65,8760.38,8493.04
2018,State,TN,47,All,9637.39,10232.44
2018,State,TN,47,<65,10845,11527.06
2018,State,TN,47,>65,9420.13,9999.52
2018,State,TX,48,All,11664.16,11660.25
2018,State,TX,48,<65,14914.46,14793.66
2018,State,TX,48,>65,11152.26,11166.75
2018,State,UT,49,All,9297.08,9136.41
2018,State,UT,49,<65,10210.93,10272.39
2018,State,UT,49,>65,9171.07,8979.76
2018,State,VA,51,All,9486.23,9349.06
2018,State,VA,51,<65,11139.17,11078.84
2018,State,VA,51,>65,9249.53,9101.35
2018,State,VI,78,All,5430.88,5007.88
2018,State,VI,78,<65,7363.62,6655.79
2018,State,VI,78,>65,5267.55,4868.62
2018,State,VT,50,All,9068.47,7723.43
2018,State,VT,50,<65,9662.73,8199.71
2018,State,VT,50,>65,8953.24,7631.08
2018,State,WA,53,All,9018.91,8167.5
2018,State,WA,53,<65,9729.23,8928.12
2018,State,WA,53,>65,8905.36,8045.9
2018,State,WI,55,All,9095.52,8786.19
2018,State,WI,55,<65,10278.25,10074.88
2018,State,WI,55,>65,8865.32,8535.37
2018,State,WV,54,All,9680.89,9882.28
2018,State,WV,54,<65,9460.07,9709.64
2018,State,WV,54,>65,9746.05,9933.21
2018,State,WY,56,All,9221.62,8223.24
2018,State,WY,56,<65,10708.91,9711.21
2018,State,WY,56,>65,9019.16,8020.68
2019,National,National,,All,11141.75,10435.72
2019,National,National,,<65,12774.37,11980.84
2019,National,National,,>65,10871.82,10180.25
2019,State,AK,2,All,10019.83,7675.49
2019,State,AK,2,<65,13735.32,10505.83
2019,State,AK,2,>65,9477.6,7262.44
2019,State,AL,1,All,10368.01,11203.2
2019,State,AL,1,<65,10474.66,11317.33
2019,State,AL,1,>65,10341.58,11174.92
2019,State,AR,5,All,9861.39,10539.63
2019,State,AR,5,<65,9895.72,10533.67
2019,State,AR,5,>65,9854.25,10540.87
2019,State,AZ,4,All,10027.54,9505.48
2019,State,AZ,4,<65,12197.91,11452.36
2019,State,AZ,4,>65,9835.94,9333.61
2019,State,CA,6,All,12904.48,10274.43
2019,State,CA,6,<65,15883.92,12587.2
2019,State,CA,6,>65,12437.6,9912.02
2019,State,CO,8,All,9563.1,9059.07
2019,State,CO,8,<65,11359.57,10808.21
2019,State,CO,8,>65,9303.11,8805.93
2019,State,CT,9,All,13228.3,11196.48
2019,State,CT,9,<65,14637.78,12514
2019,State,CT,9,>65,12984,10968.13
2019,State,DC,11,All,12519.54,10653.17
2019,State,DC,11,<65,17251.2,14375.87
2019,State,DC,11,>65,11529.22,9874.02
2019,State,DE,10,All,11166.69,10189.19
2019,State,DE,10,<65,13759.5,12611.65
2019,State,DE,10,>65,10826.89,9871.72
2019,State,FL,12,All,12059.69,11954.55
2019,State,FL,12,<65,14475.71,14250.78
2019,State,FL,12,>65,11779.66,11688.4
2019,State,GA,13,All,10794.67,10793.88
2019,State,GA,13,<65,13469.92,13495.71
2019,State,GA,13,>65,10298.03,10292.3
2019,State,HI,15,All,8613.29,7164.95
2019,State,HI,15,<65,14871.36,12644.44
2019,State,HI,15,>65,8009.92,6636.64
2019,State,IA,19,All,9298.08,9179.37
2019,State,IA,19,<65,10403.63,10458.43
2019,State,IA,19,>65,9164.11,9024.36
2019,State,ID,16,All,8780.9,8596.92
2019,State,ID,16,<65,9579.55,9510.16
2019,State,ID,16,>65,8657.89,8456.25
2019,State,IL,17,All,11417.74,10802.45
2019,State,IL,17,<65,13609.45,12861.5
2019,State,IL,17,>65,11102.5,10506.29
2019,State,IN,18,All,10651.34,10594.31
2019,State,IN,18,<65,12379.48,12244.22
2019,State,IN,18,>65,10334.57,10291.87
2019,State,KS,20,All,10281.82,10514.5
2019,State,KS,20,<65,11479.13,11827.56
2019,State,KS,20,>65,10113.09,10329.47
2019,State,KY,21,All,10188.41,10469.56
2019,State,KY,21,<65,9868.65,10101.86
2019,State,KY,21,>65,10275.27,10569.44
2019,State,LA,22,All,11769.95,12230.94
2019,State,LA,22,<65,13571.24,13857.15
2019,State,LA,22,>65,11356.49,11857.68
2019,State,MA,25,All,12413.07,10279.1
2019,State,MA,25,<65,12799.76,10572.4
2019,State,MA,25,>65,12335.74,10220.44
2019,State,MD,24,All,12609.56,10359.22
2019,State,MD,24,<65,16306.49,13027.24
2019,State,MD,24,>65,12063.59,9965.2
2019,State,ME,23,All,9701.25,9060.17
2019,State,ME,23,<65,9654.44,9084.7
2019,State,ME,23,>65,9713.05,9053.99
2019,State,MI,26,All,11013.54,10557.53
2019,State,MI,26,<65,11741.43,11375.66
2019,State,MI,26,>65,10847.53,10370.94
2019,State,MN,27,All,10608.94,9706.82
2019,State,MN,27,<65,12008.23,11002.67
2019,State,MN,27,>65,10295.77,9416.8
2019,State,MO,29,All,10483.59,10624.24
2019,State,MO,29,<65,12126.69,12223.45
2019,State,MO,29,>65,10149.36,10298.94
2019,State,MS,28,All,11214.34,11928.63
2019,State,MS,28,<65,12340.41,13008.96
2019,State,MS,28,>65,10941.83,11667.19
2019,State,MT,30,All,8724.82,8216.4
2019,State,MT,30,<65,10026.96,9454.97
2019,State,MT,30,>65,8553.02,8052.98
2019,State,NC,37,All,10101.18,9893.71
2019,State,NC,37,<65,11920.2,11637.28
2019,State,NC,37,>65,9757.21,9564.02
2019,State,ND,38,All,9309.11,8956.92
2019,State,ND,38,<65,10638.76,10417.03
2019,State,ND,38,>65,9135.33,8766.08
2019,State,NE,31,All,10238.8,9980.62
2019,State,NE,31,<65,11321.52,11291.92
2019,State,NE,31,>65,10119.44,9836.06
2019,State,NH,33,All,10056.1,8954.63
2019,State,NH,33,<65,10150.7,9083.63
2019,State,NH,33,>65,10039.09,8931.44
2019,State,NJ,34,All,13029.82,11175.91
2019,State,NJ,34,<65,14644.47,12610.58
2019,State,NJ,34,>65,12813.38,10983.6
2019,State,NM,35,All,8829.9,8456.74
2019,State,NM,35,<65,10552.35,10106.91
2019,State,NM,35,>65,8524.89,8164.53
2019,State,NV,32,All,11478.86,10352.78
2019,State,NV,32,<65,15481.6,13943.08
2019,State,NV,32,>65,10913.71,9845.86
2019,State,NY,36,All,13292.21,10956.17
2019,State,NY,36,<65,13708.04,11514.59
2019,State,NY,36,>65,13218.75,10857.51
2019,State,OH,39,All,10630.12,10552.04
2019,State,OH,39,<65,11270.16,11214.36
2019,State,OH,39,>65,10522.1,10440.26
2019,State,OK,40,All,11344.98,11717.71
2019,State,OK,40,<65,12500.89,12865.74
2019,State,OK,40,>65,11128.35,11502.55
2019,State,OR,41,All,9030.56,8015.93
2019,State,OR,41,<65,10326.22,9241.5
2019,State,OR,41,>65,8801.51,7799.27
2019,State,PA,42,All,11004.64,10364.33
2019,State,PA,42,<65,12508.14,11623.91
2019,State,PA,42,>65,10746.37,10147.96
2019,State,PR,72,All,7099.91,7788.31
2019,State,PR,72,<65,13387.78,15476
2019,State,PR,72,>65,6028.73,6478.66
2019,State,RI,44,All,10649.74,9640.38
2019,State,RI,44,<65,10505.87,9537.03
2019,State,RI,44,>65,10673.55,9657.48
2019,State,SC,45,All,9854.61,10008.51
2019,State,SC,45,<65,11850.83,12132.85
2019,State,SC,45,>65,9554.84,9689.5
2019,State,SD,46,All,9438.6,9062.49
2019,State,SD,46,<65,11914.47,11435.54
2019,State,SD,46,>65,9118.55,8755.73
2019,State,TN,47,All,10066.71,10533.87
2019,State,TN,47,<65,11477.24,12058.24
2019,State,TN,47,>65,9837.12,10285.75
2019,State,TX,48,All,12201.99,11978.58
2019,State,TX,48,<65,15943.03,15461.03
2019,State,TX,48,>65,11662.68,11476.55
2019,State,UT,49,All,9725.16,9467.11
2019,State,UT,49,<65,10545.58,10407.54
2019,State,UT,49,>65,9618.93,9345.34
2019,State,VA,51,All,9817.59,9593.39
2019,State,VA,51,<65,11555.26,11395.72
2019,State,VA,51,>65,9592.09,9359.51
2019,State,VI,78,All,5672,5047.72
2019,State,VI,78,<65,7323.1,6344.11
2019,State,VI,78,>65,5537.39,4942.03
2019,State,VT,50,All,9343.34,7830.21
2019,State,VT,50,<65,9887.46,8209.15
2019,State,VT,50,>65,9242.55,7760.02
2019,State,WA,53,All,9262.79,8331.22
2019,State,WA,53,<65,10065.81,9185.29
2019,State,WA,53,>65,9143.96,8204.85
2019,State,WI,55,All,9361.19,8995.9
2019,State,WI,55,<65,10542.65,10255.07
2019,State,WI,55,>65,9142.92,8763.28
2019,State,WV,54,All,10069.15,10241.3
2019,State,WV,54,<65,9669.98,9938.49
2019,State,WV,54,>65,10178.11,10323.96
2019,State,WY,56,All,9495.65,8461.45
2019,State,WY,56,<65,11142.26,10014.97
2019,State,WY,56,>65,9280.93,8258.87
2020,National,National,,All,10739.46,9962.96
2020,National,National,,<65,12745.89,11840.47
2020,National,National,,>65,10433.96,9677.08
2020,State,AK,2,All,9456.8,7250.24
2020,State,AK,2,<65,12732.12,9851.36
2020,State,AK,2,>65,9008.08,6893.89
2020,State,AL,1,All,10312.79,10865.93
2020,State,AL,1,<65,10684.93,11295.52
2020,State,AL,1,>65,10229.8,10770.14
2020,State,AR,5,All,9720.81,10251.82
2020,State,AR,5,<65,10035.52,10550.04
2020,State,AR,5,>65,9661.44,10195.56
2020,State,AZ,4,All,9549.09,9047.73
2020,State,AZ,4,<65,12519.54,11787.13
2020,State,AZ,4,>65,9311.47,8828.59
2020,State,CA,6,All,12586.92,9927.44
2020,State,CA,6,<65,16054.34,12623.69
2020,State,CA,6,>65,12077.67,9531.46
2020,State,CO,8,All,9144.65,8584.44
2020,State,CO,8,<65,11437.58,10775.37
2020,State,CO,8,>65,8846.93,8299.96
2020,State,CT,9,All,12706.08,10676.66
2020,State,CT,9,<65,14490.61,12299.54
2020,State,CT,9,>65,12414.64,10411.61
2020,State,DC,11,All,12155.72,10308.97
2020,State,DC,11,<65,17095.54,14338.38
2020,State,DC,11,>65,11199.59,9529.06
2020,State,DE,10,All,10571.25,9609.6
2020,State,DE,10,<65,13516.83,12352.15
2020,State,DE,10,>65,10220.02,9282.58
2020,State,FL,12,All,11673.39,11439.85
2020,State,FL,12,<65,14527.51,14150.53
2020,State,FL,12,>65,11365.58,11147.51
2020,State,GA,13,All,10567.56,10445.42
2020,State,GA,13,<65,13875.27,13787.02
2020,State,GA,13,>65,10012.8,9884.98
2020,State,HI,15,All,8113.78,6745.94
2020,State,HI,15,<65,14392,12200.59
2020,State,HI,15,>65,7550.37,6256.43
2020,State,IA,19,All,9077.36,8967.35
2020,State,IA,19,<65,10422.4,10506.2
2020,State,IA,19,>65,8924.05,8791.94
2020,State,ID,16,All,8477.35,8266.45
2020,State,ID,16,<65,9633.49,9487.55
2020,State,ID,16,>65,8311.81,8091.6
2020,State,IL,17,All,10903.22,10236.16
2020,State,IL,17,<65,13274.83,12447.19
2020,State,IL,17,>65,10581.07,9935.82
2020,State,IN,18,All,10377.23,10215.63
2020,State,IN,18,<65,12070.92,11861.24
2020,State,IN,18,>65,10098.98,9945.28
2020,State,KS,20,All,10077.92,10256.22
2020,State,KS,20,<65,11587.03,11876.8
2020,State,KS,20,>65,9884.08,10048.06
2020,State,KY,21,All,9791.83,9978.02
2020,State,KY,21,<65,9606.51,9779.25
2020,State,KY,21,>65,9836.37,10025.79
2020,State,LA,22,All,11704.47,12085.84
2020,State,LA,22,<65,13762.96,13937.88
2020,State,LA,22,>65,11275.16,11699.59
2020,State,MA,25,All,11551.52,9617.48
2020,State,MA,25,<65,12163.36,10132.68
2020,State,MA,25,>65,11437.8,9521.73
2020,State,MD,24,All,12105.97,10033.64
2020,State,MD,24,<65,16528.98,13433.64
2020,State,MD,24,>65,11481.61,9553.69
2020,State,ME,23,All,8936.07,8350.01
2020,State,ME,23,<65,9089.16,8603.92
2020,State,ME,23,>65,8898.23,8287.27
2020,State,MI,26,All,10375.55,9991.01
2020,State,MI,26,<65,11235.11,10922.13
2020,State,MI,26,>65,10185.97,9785.65
2020,State,MN,27,All,10095.39,9183.18
2020,State,MN,27,<65,11778.04,10757.26
2020,State,MN,27,>65,9741.56,8852.18
2020,State,MO,29,All,10379.12,10421.74
2020,State,MO,29,<65,12298.67,12285.06
2020,State,MO,29,>65,10020.89,10074.01
2020,State,MS,28,All,10974.28,11494.18
2020,State,MS,28,<65,12652.02,13157.29
2020,State,MS,28,>65,10608.97,11132.06
2020,State,MT,30,All,8205.01,7682.94
2020,State,MT,30,<65,9617,9043.62
2020,State,MT,30,>65,8032.13,7516.34
2020,State,NC,37,All,9791.42,9495.46
2020,State,NC,37,<65,11988.79,11597.27
2020,State,NC,37,>65,9410.9,9131.5
2020,State,ND,38,All,9322.5,8904.92
2020,State,ND,38,<65,10990.01,10657.9
2020,State,ND,38,>65,9112.64,8684.3
2020,State,NE,31,All,10100.63,9756.25
2020,State,NE,31,<65,11544.01,11465.02
2020,State,NE,31,>65,9952.37,9580.74
2020,State,NH,33,All,9192.27,8248.96
2020,State,NH,33,<65,9547.99,8572.79
2020,State,NH,33,>65,9133.29,8195.26
2020,State,NJ,34,All,12248.01,10367.91
2020,State,NJ,34,<65,14451.11,12262.61
2020,State,NJ,34,>65,11971.57,10130.16
2020,State,NM,35,All,8317.44,7927.09
2020,State,NM,35,<65,10376.86,9927.37
2020,State,NM,35,>65,7987.9,7607.01
2020,State,NV,32,All,11196.46,9962.22
2020,State,NV,32,<65,15612.9,13950.03
2020,State,NV,32,>65,10620.58,9442.24
2020,State,NY,36,All,12742.04,10314.58
2020,State,NY,36,<65,13568.29,11204.16
2020,State,NY,36,>65,12604.09,10166.05
2020,State,OH,39,All,10140.62,9965.75
2020,State,OH,39,<65,10825.59,10672.87
2020,State,OH,39,>65,10035.13,9856.85
2020,State,OK,40,All,11154.43,11442.7
2020,State,OK,40,<65,12518.81,12835.26
2020,State,OK,40,>65,10917.49,11200.86
2020,State,OR,41,All,8488.39,7480.74
2020,State,OR,41,<65,9982.24,8852.14
2020,State,OR,41,>65,8240.48,7253.15
2020,State,PA,42,All,10405.7,9733.05
2020,State,PA,42,<65,12112.53,11211.9
2020,State,PA,42,>65,10139.05,9502.01
2020,State,PR,72,All,6930.75,7225.87
2020,State,PR,72,<65,14399.79,15894.43
2020,State,PR,72,>65,5714.69,5814.52
2020,State,RI,44,All,9928.77,8966.8
2020,State,RI,44,<65,9512.75,8656.9
2020,State,RI,44,>65,9997.52,9018.01
2020,State,SC,45,All,9738.92,9769.85
2020,State,SC,45,<65,12130.3,12301.03
2020,State,SC,45,>65,9417.02,9429.13
2020,State,SD,46,All,9228.07,8859.7
2020,State,SD,46,<65,11653.11,11216.85
2020,State,SD,46,>65,8936.22,8576.02
2020,State,TN,47,All,9850.69,10137.29
2020,State,TN,47,<65,11624.69,12034.86
2020,State,TN,47,>65,9591.22,9859.75
2020,State,TX,48,All,11937.76,11515.44
2020,State,TX,48,<65,16361.87,15591.94
2020,State,TX,48,>65,11354.72,10978.22
2020,State,UT,49,All,9436.63,9078.93
2020,State,UT,49,<65,10830.42,10512.65
2020,State,UT,49,>65,9268.13,8905.6
2020,State,VA,51,All,9317.91,8979.25
2020,State,VA,51,<65,11463.45,11132.09
2020,State,VA,51,>65,9073.57,8734.08
2020,State,VI,78,All,5128.76,4542.91
2020,State,VI,78,<65,6396.91,5977.57
2020,State,VI,78,>65,5029.17,4430.24
2020,State,VT,50,All,8599.12,7248.48
2020,State,VT,50,<65,9681.19,8161.34
2020,State,VT,50,>65,8412.18,7090.78
2020,State,WA,53,All,8668.87,7755.83
2020,State,WA,53,<65,9805.3,8874.15
2020,State,WA,53,>65,8513.8,7603.23
2020,State,WI,55,All,9070.91,8648.7
2020,State,WI,55,<65,10398.87,10025.01
2020,State,WI,55,>65,8839.78,8409.17
2020,State,WV,54,All,9468.11,9552.95
2020,State,WV,54,<65,9561.33,9741.9
2020,State,WV,54,>65,9445.15,9506.4
2020,State,WY,56,All,9203.15,8132.07
2020,State,WY,56,<65,10927.78,9774.43
2020,State,WY,56,>65,8990.13,7929.21
,,,,,,646.3191667
,,,,,,739.5125
,,,,,,633.6025
